{
  "final_val_accuracy": 0.4,
  "best_val_accuracy": 0.41555555555555557,
  "best_epoch": 1,
  "train_losses": [
    1.132010333273146,
    1.0194524007373387,
    0.9500435400009155,
    0.9370530597368876,
    0.9051226332452562,
    0.8720674880345662,
    0.8339576694700453
  ],
  "val_losses": [
    1.0805051740010578,
    1.0712619129816692,
    1.0909499507480198,
    1.0861690086788602,
    1.08890366130405,
    1.0938471550411648,
    1.1617966312832302
  ],
  "val_accuracies": [
    0.41555555555555557,
    0.3888888888888889,
    0.40444444444444444,
    0.3977777777777778,
    0.41555555555555557,
    0.41333333333333333,
    0.4
  ]
}