{
  "per_fold": {
    "fold_1": {
      "final_val_accuracy": 0.4962962962962963,
      "best_val_accuracy": 0.5037037037037037,
      "best_epoch": 54
    },
    "fold_2": {
      "final_val_accuracy": 0.45185185185185184,
      "best_val_accuracy": 0.4703703703703704,
      "best_epoch": 37
    },
    "fold_3": {
      "final_val_accuracy": 0.45925925925925926,
      "best_val_accuracy": 0.45925925925925926,
      "best_epoch": 60
    },
    "fold_4": {
      "final_val_accuracy": 0.45555555555555555,
      "best_val_accuracy": 0.48148148148148145,
      "best_epoch": 12
    },
    "fold_5": {
      "final_val_accuracy": 0.4074074074074074,
      "best_val_accuracy": 0.44074074074074077,
      "best_epoch": 26
    }
  },
  "mean_final_val_accuracy": 0.454074074074074,
  "std_final_val_accuracy": 0.028264865227168763,
  "mean_best_val_accuracy": 0.47111111111111115,
  "std_best_val_accuracy": 0.021133840915091982
}