{
  "final_val_accuracy": 0.38222222222222224,
  "best_val_accuracy": 0.3844444444444444,
  "best_epoch": 3,
  "train_losses": [
    1.102981490559048,
    1.0982199796040852,
    1.0913958507113986,
    1.0849870830112034,
    1.0829923587375216
  ],
  "val_losses": [
    1.099201430214776,
    1.0985031244489882,
    1.096519842147827,
    1.0958587869008383,
    1.0952073250876533
  ],
  "val_accuracies": [
    0.3422222222222222,
    0.36,
    0.3844444444444444,
    0.37555555555555553,
    0.38222222222222224
  ]
}