{
  "name": "current_highest_nonquota+late_three_hour_continued_results/atc/atc_chz_lr0015_ema0997_seed314+a0.30+better_subjects",
  "base": "current_highest_nonquota",
  "new": "late_three_hour_continued_results/atc/atc_chz_lr0015_ema0997_seed314",
  "alpha": 0.3,
  "subject_set_label": "better_subjects",
  "subject_set": [
    7,
    9
  ],
  "acc": 0.7583333253860474,
  "subject_acc": {
    "1": 0.8500000238418579,
    "2": 0.574999988079071,
    "3": 0.8999999761581421,
    "4": 0.7250000238418579,
    "5": 0.7250000238418579,
    "6": 0.699999988079071,
    "7": 0.800000011920929,
    "8": 0.75,
    "9": 0.800000011920929
  },
  "pred_counts": [
    87,
    102,
    83,
    88
  ],
  "confusion": [
    [
      72,
      11,
      4,
      3
    ],
    [
      6,
      70,
      5,
      9
    ],
    [
      7,
      14,
      62,
      7
    ],
    [
      2,
      7,
      12,
      69
    ]
  ],
  "holdout": {
    "mean": 0.7601333260536194,
    "std": 0.02200433611869812,
    "p05": 0.7222222089767456,
    "p50": 0.7555555701255798,
    "p95": 0.800000011920929,
    "subject2_mean": 0.5770000219345093,
    "subject2_std": 0.07877704501152039
  },
  "test_counts": [
    78,
    104,
    83,
    95
  ]
}