{
  "final_val_accuracy": 0.4266666666666667,
  "best_val_accuracy": 0.4577777777777778,
  "best_epoch": 9,
  "train_losses": [
    1.1812295542822944,
    1.1067654254701402,
    1.0908604494730632,
    1.062292256090376,
    1.0548749287923178,
    1.0608679103851317,
    1.0460318125618828,
    1.0097952874501546,
    1.041793672773573,
    1.025598686536153,
    1.0192099481158787,
    1.000959332784017,
    1.0107886706458198,
    0.9914699988894993,
    0.9896886407004463,
    0.9836652106708951,
    0.9900079096688165,
    0.9855468911594815,
    0.9784646458095975,
    0.9753451469209459,
    0.9676825751198662,
    0.9641772243711684,
    0.9507293995221456,
    0.9619910796483357,
    0.9661181693606906,
    0.927388055589464,
    0.9278684202829997,
    0.9333963372972276,
    0.9361232365502251
  ],
  "val_losses": [
    1.1295603360070123,
    1.0973508601718478,
    1.0943506330913968,
    1.080624401304457,
    1.1008179569244385,
    1.0676261536280314,
    1.0682190820905897,
    1.0688579601711696,
    1.056420676443312,
    1.0647347821129693,
    1.0632631572087605,
    1.0579425377315945,
    1.0624663474824694,
    1.0663919930987888,
    1.062911769549052,
    1.0674468363655938,
    1.0736904642317031,
    1.0804583173327975,
    1.0984531026416355,
    1.0776467577616373,
    1.0713079500198364,
    1.0776370806164213,
    1.0758689313464695,
    1.0794715680016411,
    1.079142819510566,
    1.0628651555379232,
    1.085558697912428,
    1.0696470260620117,
    1.0661670690112643
  ],
  "val_accuracies": [
    0.35555555555555557,
    0.38666666666666666,
    0.4088888888888889,
    0.3933333333333333,
    0.36666666666666664,
    0.4266666666666667,
    0.4266666666666667,
    0.43777777777777777,
    0.4577777777777778,
    0.44,
    0.4444444444444444,
    0.4266666666666667,
    0.4488888888888889,
    0.4066666666666667,
    0.3844444444444444,
    0.3844444444444444,
    0.4111111111111111,
    0.37777777777777777,
    0.40444444444444444,
    0.38222222222222224,
    0.4,
    0.4288888888888889,
    0.42444444444444446,
    0.3977777777777778,
    0.41333333333333333,
    0.4,
    0.39111111111111113,
    0.4022222222222222,
    0.4266666666666667
  ]
}