{
  "final_val_accuracy": 0.45555555555555555,
  "best_val_accuracy": 0.48148148148148145,
  "best_epoch": 12,
  "train_losses": [
    1.1803514339305736,
    1.196126612910518,
    1.1531769655368946,
    1.106772244418109,
    1.094298275311788,
    1.0919091392446447,
    1.0734289593166775,
    1.0800985716007374,
    1.0785021746600116,
    1.0709491067462498,
    1.0600719036879362,
    1.069766276854056,
    1.0636836334511086,
    1.0491935827113963,
    1.049277589056227,
    1.0537897957695854,
    1.0529388851589627,
    1.049731363190545,
    1.0424629591129444,
    1.0558913195574726,
    1.0458556404820194,
    1.049664600690206,
    1.044968201495983,
    1.034340175875911,
    1.0367494764151397,
    1.0467750955511022,
    1.039964156680637,
    1.0258716689215766,
    1.0196394037317347,
    1.033669513243216,
    1.031047644438567,
    1.0163301547368369,
    1.0246204137802124,
    1.0202863843352705,
    1.031214866373274,
    1.0199196780169453,
    1.0133781450766104,
    1.0270427151962562,
    1.0155357978962085,
    1.0115004142125448,
    1.0056812507134896,
    1.0134333010073062
  ],
  "val_losses": [
    1.0641414554030806,
    1.0592272166852599,
    1.0677999531781233,
    1.0504368587776467,
    1.0454746378792656,
    1.0457248784877635,
    1.0452968765188146,
    1.0451539852001048,
    1.048146539264255,
    1.0441297910831593,
    1.0465700184857403,
    1.0412601426795678,
    1.0450585497750176,
    1.047374376544246,
    1.0461246675915188,
    1.04534961382548,
    1.0462507486343384,
    1.0446732061880606,
    1.0546845453756828,
    1.0394318245075367,
    1.038756388205069,
    1.0359474464699074,
    1.049276977998239,
    1.0347853033630936,
    1.0466819824995819,
    1.0407173403987178,
    1.0426060049622148,
    1.0349721219804553,
    1.030243299625538,
    1.0331445782272903,
    1.0322353424849333,
    1.0300085853647303,
    1.0374045336688007,
    1.0420037084155613,
    1.0449957503212823,
    1.031211088321827,
    1.038610663237395,
    1.0362891965442234,
    1.0384678814146253,
    1.0270246258488407,
    1.026954268526148,
    1.0296382347742716
  ],
  "val_accuracies": [
    0.43703703703703706,
    0.43703703703703706,
    0.40370370370370373,
    0.45555555555555555,
    0.45555555555555555,
    0.45555555555555555,
    0.45185185185185184,
    0.43703703703703706,
    0.43703703703703706,
    0.43703703703703706,
    0.43333333333333335,
    0.48148148148148145,
    0.43703703703703706,
    0.44074074074074077,
    0.42962962962962964,
    0.43333333333333335,
    0.45925925925925926,
    0.45185185185185184,
    0.42592592592592593,
    0.4666666666666667,
    0.4444444444444444,
    0.4444444444444444,
    0.3962962962962963,
    0.43703703703703706,
    0.4148148148148148,
    0.43703703703703706,
    0.43333333333333335,
    0.45185185185185184,
    0.45555555555555555,
    0.45555555555555555,
    0.45185185185185184,
    0.4777777777777778,
    0.44814814814814813,
    0.44074074074074077,
    0.4074074074074074,
    0.45925925925925926,
    0.43333333333333335,
    0.42592592592592593,
    0.43333333333333335,
    0.4444444444444444,
    0.45185185185185184,
    0.45555555555555555
  ]
}