{
  "final_val_accuracy": 0.32666666666666666,
  "best_val_accuracy": 0.3377777777777778,
  "best_epoch": 4,
  "train_losses": [
    1.1002389033635458,
    1.0961862876680162,
    1.0929305044809978,
    1.0885919872919718,
    1.0794970485899182
  ],
  "val_losses": [
    1.0986420875125462,
    1.0989314720365737,
    1.100439773665534,
    1.1024131785498725,
    1.1095358610153199
  ],
  "val_accuracies": [
    0.33555555555555555,
    0.33555555555555555,
    0.33555555555555555,
    0.3377777777777778,
    0.32666666666666666
  ]
}