{
  "final_val_accuracy": 0.38666666666666666,
  "best_val_accuracy": 0.43555555555555553,
  "best_epoch": 8,
  "train_losses": [
    1.1884324688381618,
    1.1027170700497098,
    1.1039452049467298,
    1.0770016630490622,
    1.0748498641120063,
    1.0623052141401503,
    1.0673137542936537,
    1.048622940381368,
    1.0430494848887126,
    1.0501789326137967,
    1.0479972627427843,
    1.053284543355306,
    1.0415813064575195,
    1.0203643163045248,
    1.0404032240973577,
    1.0286199304792616
  ],
  "val_losses": [
    1.1419602420594956,
    1.1100632439719307,
    1.0820587624443903,
    1.0845092259513007,
    1.080842883321974,
    1.0697715759277344,
    1.0717905447218152,
    1.069836794535319,
    1.0739084111319648,
    1.07046752081977,
    1.075720920032925,
    1.0732869164148966,
    1.0683257007598876,
    1.0726895173390707,
    1.089410925971137,
    1.0811204157935248
  ],
  "val_accuracies": [
    0.34,
    0.36666666666666664,
    0.4,
    0.4066666666666667,
    0.3977777777777778,
    0.42444444444444446,
    0.43333333333333335,
    0.43555555555555553,
    0.38222222222222224,
    0.41555555555555557,
    0.41333333333333333,
    0.39555555555555555,
    0.3888888888888889,
    0.3933333333333333,
    0.39111111111111113,
    0.38666666666666666
  ]
}