{
  "final_val_accuracy": 0.35333333333333333,
  "best_val_accuracy": 0.35333333333333333,
  "best_epoch": 1,
  "train_losses": [
    1.691697783999973
  ],
  "val_losses": [
    1.1157490264044867
  ],
  "val_accuracies": [
    0.35333333333333333
  ]
}