{
  "final_val_accuracy": 0.45185185185185184,
  "best_val_accuracy": 0.4703703703703704,
  "best_epoch": 37,
  "train_losses": [
    1.228449982183951,
    1.1893764451698021,
    1.1624006598084062,
    1.12082146803538,
    1.1089645076681067,
    1.0944862242098208,
    1.076863373650445,
    1.0731968729584305,
    1.084712685479058,
    1.0740389152809426,
    1.0695856059039082,
    1.0573399270022357,
    1.0621028741200764,
    1.0624096234639486,
    1.0538540778336702,
    1.0536287078150997,
    1.0503975753430967,
    1.057347505180924,
    1.0426571863668936,
    1.0462804511741355,
    1.0423382706112332,
    1.035638408307676,
    1.0392108546362984,
    1.0288255876964993,
    1.0336585300940055,
    1.0329971410610057,
    1.0322823771723995,
    1.0416907601886325,
    1.0254398725650928,
    1.014713250707697,
    1.0220843138518156,
    1.0214096696288497,
    1.0101110378901164,
    1.0213381537684687,
    1.0178480095333524,
    1.0097147517734104,
    1.0048140252078022,
    1.0172959045127585,
    1.017752303900542,
    1.0172334838796544,
    1.0124670333332486,
    1.0095978427816321,
    0.9967072398574264,
    1.0187267493318628,
    1.0239846953639278,
    1.0231175705238624,
    1.002664526745125,
    0.9860635474876122,
    0.98849709254724,
    1.0108804861704508,
    0.9951378592738399,
    0.9863005020000316,
    0.978302037274396,
    0.981091559374774,
    0.9473524839789779,
    0.9919722459934376,
    0.9939284143624483,
    1.0044743414278383,
    0.9575016114446852,
    0.9780541358170686
  ],
  "val_losses": [
    1.2043253589559484,
    1.081703872150845,
    1.0846834677237052,
    1.0837358933907968,
    1.0783272875679863,
    1.0723405325854267,
    1.0700789133707682,
    1.067158454435843,
    1.0652390833254213,
    1.0665618260701497,
    1.0653962055842081,
    1.0595203470300745,
    1.065917847774647,
    1.0627208859832198,
    1.0564815900943898,
    1.0597693266691985,
    1.0596196501343338,
    1.0602091939361007,
    1.0570528754481563,
    1.0602986936216001,
    1.0543493262043706,
    1.0544720861646864,
    1.0493743578592936,
    1.051016969150967,
    1.0566557884216308,
    1.0522674922589903,
    1.04306347016935,
    1.0583151199199534,
    1.0468306417818423,
    1.054477236005995,
    1.0456593990325929,
    1.0594975409684357,
    1.0398457438857467,
    1.0516125943925645,
    1.0448785013622708,
    1.044693758752611,
    1.0448536943506312,
    1.0459041348210087,
    1.0451968908309937,
    1.0398876940762556,
    1.0445180689847027,
    1.0378789212968615,
    1.054419453938802,
    1.043129978356538,
    1.0483014000786675,
    1.0506002178898564,
    1.0456261873245238,
    1.0445003712618792,
    1.0402668122892027,
    1.0598038664570562,
    1.0420458564051875,
    1.0430775130236591,
    1.0404123562353629,
    1.0435914392824526,
    1.061578420356468,
    1.063483923452872,
    1.0517131549340708,
    1.046845970330415,
    1.0470508257548015,
    1.0512393289142186
  ],
  "val_accuracies": [
    0.37037037037037035,
    0.4074074074074074,
    0.34444444444444444,
    0.4,
    0.4111111111111111,
    0.3888888888888889,
    0.3851851851851852,
    0.40370370370370373,
    0.4111111111111111,
    0.4222222222222222,
    0.4185185185185185,
    0.42592592592592593,
    0.43333333333333335,
    0.42592592592592593,
    0.42962962962962964,
    0.4444444444444444,
    0.45555555555555555,
    0.4185185185185185,
    0.44074074074074077,
    0.43703703703703706,
    0.4444444444444444,
    0.44074074074074077,
    0.44074074074074077,
    0.42592592592592593,
    0.4222222222222222,
    0.43703703703703706,
    0.45555555555555555,
    0.45555555555555555,
    0.43703703703703706,
    0.46296296296296297,
    0.4666666666666667,
    0.45925925925925926,
    0.45555555555555555,
    0.46296296296296297,
    0.43703703703703706,
    0.44074074074074077,
    0.4703703703703704,
    0.44814814814814813,
    0.43333333333333335,
    0.44814814814814813,
    0.4222222222222222,
    0.45925925925925926,
    0.43333333333333335,
    0.44074074074074077,
    0.4444444444444444,
    0.43333333333333335,
    0.44074074074074077,
    0.45185185185185184,
    0.4703703703703704,
    0.4222222222222222,
    0.45555555555555555,
    0.4703703703703704,
    0.45555555555555555,
    0.45925925925925926,
    0.43333333333333335,
    0.4444444444444444,
    0.4185185185185185,
    0.4444444444444444,
    0.43703703703703706,
    0.45185185185185184
  ]
}