{
  "final_val_accuracy": 0.4962962962962963,
  "best_val_accuracy": 0.5037037037037037,
  "best_epoch": 54,
  "train_losses": [
    1.2097691235718904,
    1.1912067828355013,
    1.145942849583096,
    1.115609965501008,
    1.0994042449527317,
    1.1025329731128835,
    1.0876214371787176,
    1.081648678249783,
    1.0750205340208832,
    1.0690987975509079,
    1.0698543124728732,
    1.078048778463293,
    1.0740377496790003,
    1.0523799039699413,
    1.0675533144562332,
    1.066667695398684,
    1.0572949100423743,
    1.0566177226878979,
    1.0557378892545346,
    1.0527414904700385,
    1.061263405835187,
    1.0502197919068512,
    1.0486525588565403,
    1.0346821069717407,
    1.0316913472281561,
    1.0399637999358,
    1.0423589105959292,
    1.0216474374135336,
    1.0440867282726147,
    1.027800065499765,
    1.051151700373049,
    1.0302091770701938,
    1.0317518022325305,
    1.023203824184559,
    1.0238322818720782,
    1.0152610606617398,
    1.0302875501138193,
    1.0100146682174118,
    1.0046320177890635,
    1.0011819300828158,
    0.9856890616593538,
    1.002726803885566,
    1.0046693519309715,
    1.0049566021672,
    0.9953206662778501,
    0.9938697616259257,
    1.0111677761431093,
    0.9815024278782032,
    1.0049481939386438,
    0.9899809130915889,
    1.0016056127018398,
    0.9692197442054749,
    0.9979017191463047,
    0.9909910873130515,
    0.974743789213675,
    0.9875896612803141,
    0.9713164453153257,
    0.9635762060130084,
    0.9764506030965734,
    0.9757678844310619
  ],
  "val_losses": [
    1.316640852998804,
    1.1179297041009975,
    1.0731685479482016,
    1.0805569851839985,
    1.0683596540380407,
    1.0658079288623952,
    1.0613670658182215,
    1.0592186062424271,
    1.0538082944022285,
    1.0513845885241473,
    1.0517422393516258,
    1.0527731233172946,
    1.0495308337388216,
    1.0475965835430003,
    1.0500384233616016,
    1.0493963382862233,
    1.0501881643577857,
    1.0480672085726703,
    1.0446290175120037,
    1.0475426108748824,
    1.038590920412982,
    1.0444327336770516,
    1.0351816177368165,
    1.0363371107313368,
    1.038252376627039,
    1.0371332742549755,
    1.031645499335395,
    1.0352394413065027,
    1.031221376525031,
    1.0400647154560796,
    1.0383146338992648,
    1.0358247386084662,
    1.0381505462858411,
    1.029665348264906,
    1.0287045116777773,
    1.0322659722080938,
    1.026710065205892,
    1.0229468707685117,
    1.0332988844977484,
    1.034674804298966,
    1.0273457120966027,
    1.0297896473496049,
    1.0371420930933068,
    1.0470978886992843,
    1.0411735411043521,
    1.0411809338463678,
    1.0327382935418024,
    1.0420576325169315,
    1.0367793100851554,
    1.0334928574385467,
    1.035479145579868,
    1.0365274341018111,
    1.0536741177241007,
    1.0352783883059467,
    1.0299659305148654,
    1.0365195203710484,
    1.0305054876539441,
    1.0309544960657755,
    1.022591561741299,
    1.0288917144139609
  ],
  "val_accuracies": [
    0.337037037037037,
    0.35185185185185186,
    0.3888888888888889,
    0.4074074074074074,
    0.4148148148148148,
    0.43703703703703706,
    0.43703703703703706,
    0.4444444444444444,
    0.43333333333333335,
    0.4444444444444444,
    0.4148148148148148,
    0.4148148148148148,
    0.43703703703703706,
    0.44074074074074077,
    0.44814814814814813,
    0.42962962962962964,
    0.43333333333333335,
    0.4444444444444444,
    0.43703703703703706,
    0.4111111111111111,
    0.45555555555555555,
    0.4222222222222222,
    0.4666666666666667,
    0.4222222222222222,
    0.42592592592592593,
    0.45555555555555555,
    0.44814814814814813,
    0.43703703703703706,
    0.4703703703703704,
    0.44074074074074077,
    0.44814814814814813,
    0.45185185185185184,
    0.43333333333333335,
    0.4444444444444444,
    0.46296296296296297,
    0.45185185185185184,
    0.45555555555555555,
    0.4703703703703704,
    0.4444444444444444,
    0.43703703703703706,
    0.45185185185185184,
    0.45185185185185184,
    0.43703703703703706,
    0.45555555555555555,
    0.44074074074074077,
    0.4703703703703704,
    0.45185185185185184,
    0.4740740740740741,
    0.4703703703703704,
    0.4925925925925926,
    0.4740740740740741,
    0.4666666666666667,
    0.4777777777777778,
    0.5037037037037037,
    0.48518518518518516,
    0.4888888888888889,
    0.48148148148148145,
    0.48148148148148145,
    0.4777777777777778,
    0.4962962962962963
  ]
}