{
  "final_val_accuracy": 0.45925925925925926,
  "best_val_accuracy": 0.45925925925925926,
  "best_epoch": 60,
  "train_losses": [
    1.239210448441682,
    1.1960273265838623,
    1.1448946679079974,
    1.1282109966984502,
    1.0987713089695683,
    1.1085274087058172,
    1.089892112767255,
    1.0775121397442289,
    1.0875102414025202,
    1.0729437713269834,
    1.0727534647341128,
    1.0765374996044017,
    1.0694813525235212,
    1.0694033984784728,
    1.063341870131316,
    1.0612613757451375,
    1.0588120619455974,
    1.0703938325246176,
    1.0495254666716964,
    1.052936613118207,
    1.0529961577168216,
    1.0503921296861436,
    1.049152135848999,
    1.0458744923273722,
    1.0517622506176985,
    1.034656701706074,
    1.043855223832307,
    1.0445519977145725,
    1.0409268820727313,
    1.0319259387475472,
    1.0154225640826755,
    1.0101815435621473,
    1.0237541949307476,
    1.0225486057775992,
    1.0258771896362304,
    1.0269710143407187,
    1.010291001531813,
    1.0155746027275367,
    1.0091243178756149,
    1.0028977659013536,
    1.012914064195421,
    1.0149335825884784,
    0.9962083745885778,
    1.0010872500914114,
    0.9982210547835738,
    0.9903145971121612,
    1.011934636257313,
    0.9978823339497601,
    0.9849691761864556,
    0.9675977954158077,
    0.9997987323337131,
    0.9953132624979373,
    0.9864931812992802,
    1.0113369173473783,
    0.9833419305306894,
    1.0033375925487942,
    0.9727776721671776,
    0.9811792400148179,
    1.012389424112108,
    0.9824838836987814
  ],
  "val_losses": [
    1.3388118399514093,
    1.2439462785367612,
    1.1312349522555316,
    1.0910994476742215,
    1.078074210661429,
    1.0757109924598975,
    1.0752473530945954,
    1.077613114427637,
    1.0722474575042724,
    1.0764773201059412,
    1.0714767146993567,
    1.0722137460002192,
    1.0718042144068964,
    1.069634781943427,
    1.0699552438877247,
    1.0663570077330977,
    1.0686360668253017,
    1.0684542814890543,
    1.0678081035614013,
    1.0679145159544767,
    1.062749203046163,
    1.0642625446672793,
    1.0617810982244986,
    1.063206637347186,
    1.0653012681890417,
    1.066743967268202,
    1.064035415649414,
    1.0560147197158247,
    1.0566895688021625,
    1.0635733242388126,
    1.0532068897176672,
    1.058445770652206,
    1.0533586846457588,
    1.0587939280050773,
    1.0707868505407263,
    1.062626959659435,
    1.0570814636018542,
    1.058964392873976,
    1.0619289919182107,
    1.0635837095755118,
    1.062026193406847,
    1.0719479375415377,
    1.0629210542749477,
    1.059479527120237,
    1.0593881342146132,
    1.0515970283084446,
    1.0559934028872737,
    1.059290963632089,
    1.0573118289311727,
    1.0574794645662662,
    1.0448791768815782,
    1.0661157925923666,
    1.063707137107849,
    1.068095088005066,
    1.0593313111199274,
    1.0682643916871812,
    1.0574656769081399,
    1.061220360685278,
    1.0725757704840766,
    1.0527526625880488
  ],
  "val_accuracies": [
    0.3333333333333333,
    0.3333333333333333,
    0.37037037037037035,
    0.4074074074074074,
    0.4111111111111111,
    0.4185185185185185,
    0.4148148148148148,
    0.3888888888888889,
    0.4185185185185185,
    0.4111111111111111,
    0.42962962962962964,
    0.3925925925925926,
    0.4074074074074074,
    0.4222222222222222,
    0.4074074074074074,
    0.44074074074074077,
    0.4,
    0.4,
    0.4,
    0.40370370370370373,
    0.4148148148148148,
    0.4222222222222222,
    0.4111111111111111,
    0.4222222222222222,
    0.37777777777777777,
    0.3814814814814815,
    0.3925925925925926,
    0.3925925925925926,
    0.3925925925925926,
    0.4074074074074074,
    0.4444444444444444,
    0.44074074074074077,
    0.4222222222222222,
    0.34444444444444444,
    0.37777777777777777,
    0.4185185185185185,
    0.3888888888888889,
    0.4,
    0.3888888888888889,
    0.4074074074074074,
    0.42592592592592593,
    0.4074074074074074,
    0.3925925925925926,
    0.4148148148148148,
    0.40370370370370373,
    0.4444444444444444,
    0.42592592592592593,
    0.37037037037037035,
    0.4074074074074074,
    0.4185185185185185,
    0.4148148148148148,
    0.4074074074074074,
    0.4074074074074074,
    0.4222222222222222,
    0.43703703703703706,
    0.43703703703703706,
    0.42592592592592593,
    0.4111111111111111,
    0.3925925925925926,
    0.45925925925925926
  ]
}