{
  "final_val_accuracy": 0.4074074074074074,
  "best_val_accuracy": 0.44074074074074077,
  "best_epoch": 26,
  "train_losses": [
    1.2160220366937142,
    1.15390993754069,
    1.1392215455019916,
    1.0979093145441126,
    1.093096230648182,
    1.080286020702786,
    1.0803802605028505,
    1.0773059818479749,
    1.0747164876372726,
    1.07143789573952,
    1.055398314970511,
    1.0742483068395543,
    1.067071830784833,
    1.0620179582525182,
    1.0633778298342669,
    1.0479642073313395,
    1.0627723782150833,
    1.0563909318712024,
    1.049570686728866,
    1.053360524000945,
    1.0365476290384927,
    1.0329136627691764,
    1.0485969649420843,
    1.0535780738901208,
    1.035962168375651,
    1.038903029759725,
    1.035334461706656,
    1.0462066169138309,
    1.0168087001200075,
    1.0116828503432098,
    1.0114678886201647,
    1.0194599231084187,
    1.005802818139394,
    1.0148834767165007,
    1.0025193726574932,
    1.0160748870284468,
    1.0130354227843108,
    1.010060966014862,
    0.997452324408072,
    1.010206475522783,
    0.9917448838551839,
    1.0110204440576058,
    0.9852227299301712,
    0.960585606098175,
    1.004442486939607,
    0.9858733238997283,
    0.9885311245918273,
    0.9908775590084217,
    0.9893146144019233,
    0.988247526133502,
    0.9913067826518306,
    0.9749838608282584,
    0.9849019770269041,
    0.9719974005663836,
    0.9837501146175244,
    0.9643171495861478
  ],
  "val_losses": [
    1.1418343596988254,
    1.2071265874085604,
    1.0936946003525345,
    1.0731596028363264,
    1.0885592919808846,
    1.0735768053266737,
    1.0798254622353447,
    1.0709994554519653,
    1.0671139010676631,
    1.0656672371758356,
    1.0685924212137858,
    1.0665867726008098,
    1.0749961782384803,
    1.0682814368495235,
    1.0668254578555072,
    1.0668629204785383,
    1.0743955806449608,
    1.0700336111916435,
    1.0671752549983837,
    1.0625928004582723,
    1.0667260894068966,
    1.0702636851204765,
    1.0642163241351092,
    1.0654731741657963,
    1.0674467183925487,
    1.0616391950183444,
    1.052079321719982,
    1.058777642250061,
    1.0613003960362186,
    1.0712211034916066,
    1.0635098766397546,
    1.0685986554181135,
    1.0620540371647587,
    1.0700812269140172,
    1.0615546367786548,
    1.0655714432398478,
    1.0654249085320366,
    1.0601335543173331,
    1.063399945365058,
    1.0554496941743075,
    1.0645778823781897,
    1.063563702724598,
    1.0622378764329132,
    1.055012944009569,
    1.0598968346913655,
    1.0602464446315059,
    1.0613554777922454,
    1.0657922047155874,
    1.0667820241716173,
    1.0653979071864375,
    1.0679634085407963,
    1.0629968334127355,
    1.0672961720713863,
    1.0636156488347936,
    1.0612827301025392,
    1.0648432811101278
  ],
  "val_accuracies": [
    0.3296296296296296,
    0.34814814814814815,
    0.4074074074074074,
    0.3888888888888889,
    0.36666666666666664,
    0.3888888888888889,
    0.43333333333333335,
    0.43703703703703706,
    0.40370370370370373,
    0.42592592592592593,
    0.4222222222222222,
    0.4222222222222222,
    0.37407407407407406,
    0.4185185185185185,
    0.42962962962962964,
    0.4185185185185185,
    0.37037037037037035,
    0.43333333333333335,
    0.4222222222222222,
    0.4185185185185185,
    0.4148148148148148,
    0.3962962962962963,
    0.43333333333333335,
    0.4185185185185185,
    0.4111111111111111,
    0.44074074074074077,
    0.4148148148148148,
    0.42592592592592593,
    0.40370370370370373,
    0.4148148148148148,
    0.4148148148148148,
    0.40370370370370373,
    0.4074074074074074,
    0.4,
    0.44074074074074077,
    0.42962962962962964,
    0.3814814814814815,
    0.4222222222222222,
    0.4111111111111111,
    0.43333333333333335,
    0.4,
    0.43333333333333335,
    0.4148148148148148,
    0.40370370370370373,
    0.4148148148148148,
    0.4074074074074074,
    0.43703703703703706,
    0.4,
    0.4185185185185185,
    0.43703703703703706,
    0.4222222222222222,
    0.4148148148148148,
    0.4185185185185185,
    0.44074074074074077,
    0.4222222222222222,
    0.4074074074074074
  ]
}