{
  "exp": "ATCNet_nw5_30ep_lr1e-3",
  "model": "ATCNet",
  "epochs": 30,
  "lr": 0.001,
  "best_acc": 0.6620370370370371,
  "final_acc": 0.6203703703703703,
  "best_epoch": 28,
  "params": 113732,
  "time_s": 1198.0784957408905,
  "val_accuracies": [
    0.24537037037037038,
    0.24537037037037038,
    0.2777777777777778,
    0.35648148148148145,
    0.39814814814814814,
    0.4537037037037037,
    0.4537037037037037,
    0.49537037037037035,
    0.5,
    0.49074074074074076,
    0.5138888888888888,
    0.5324074074074074,
    0.5601851851851852,
    0.5694444444444444,
    0.5462962962962963,
    0.5787037037037037,
    0.5925925925925926,
    0.5833333333333334,
    0.5787037037037037,
    0.6018518518518519,
    0.5833333333333334,
    0.5925925925925926,
    0.6111111111111112,
    0.5833333333333334,
    0.5925925925925926,
    0.625,
    0.6435185185185185,
    0.6620370370370371,
    0.6388888888888888,
    0.6203703703703703
  ]
}