{
  "name": "current_highest_nonquota+tcn/mstcn_ext_k16_32_64_128_lr0015_seed13+a0.30+better_subjects",
  "base": "current_highest_nonquota",
  "new": "tcn/mstcn_ext_k16_32_64_128_lr0015_seed13",
  "group": "tcn",
  "alpha": 0.3,
  "subject_set_label": "better_subjects",
  "subject_set": [
    7,
    8
  ],
  "acc": 0.7583333253860474,
  "subject_acc": {
    "1": 0.8500000238418579,
    "2": 0.574999988079071,
    "3": 0.8999999761581421,
    "4": 0.7250000238418579,
    "5": 0.7250000238418579,
    "6": 0.699999988079071,
    "7": 0.824999988079071,
    "8": 0.800000011920929,
    "9": 0.7250000238418579
  },
  "pred_counts": [
    86,
    101,
    89,
    84
  ],
  "confusion": [
    [
      71,
      11,
      5,
      3
    ],
    [
      6,
      70,
      6,
      8
    ],
    [
      7,
      12,
      65,
      6
    ],
    [
      2,
      8,
      13,
      67
    ]
  ],
  "holdout": {
    "mean": 0.7590333223342896,
    "std": 0.02086578495800495,
    "p05": 0.7222222089767456,
    "p50": 0.7555555701255798,
    "p95": 0.7944444417953491,
    "subject2_mean": 0.5752000212669373,
    "subject2_std": 0.07587142288684845
  },
  "test_counts": [
    75,
    104,
    90,
    91
  ]
}