{
  "final_val_accuracy": 0.7875,
  "best_val_accuracy": 0.8015625,
  "best_epoch": 3,
  "train_losses": [
    0.6858481327692668,
    0.6398495972156525,
    0.6041451195875803,
    0.5490456869204839,
    0.5110072225332261
  ],
  "val_losses": [
    0.6664060652256012,
    0.6216324418783188,
    0.5687378883361817,
    0.5071323633193969,
    0.46449476182460786
  ],
  "val_accuracies": [
    0.553125,
    0.665625,
    0.8015625,
    0.7953125,
    0.7875
  ]
}