{
  "final_val_accuracy": 0.80625,
  "best_val_accuracy": 0.80625,
  "best_epoch": 2,
  "train_losses": [
    1.027715041488409,
    0.6091459818184376
  ],
  "val_losses": [
    0.817769905924797,
    0.8041164100170135
  ],
  "val_accuracies": [
    0.76875,
    0.80625
  ]
}