{
  "final_val_accuracy": 0.4288888888888889,
  "best_val_accuracy": 0.43555555555555553,
  "best_epoch": 10,
  "train_losses": [
    1.1684130562676325,
    1.1087801588906183,
    1.0582421096165975,
    1.0344748748673334,
    1.0326083506478203,
    1.0270026103655496,
    0.9937164152993097,
    0.99803624841902,
    0.9573404026031495,
    0.9535036786397298,
    0.967202500767178,
    0.9465052763621012,
    0.9688895323541429,
    0.9139633846282958,
    0.8999336740705702,
    0.9140938748253716,
    0.9040096728006999,
    0.8984159400728013
  ],
  "val_losses": [
    1.114380472501119,
    1.0952837732103136,
    1.0921119658152263,
    1.0905151478449504,
    1.0944948482513428,
    1.0858646636539036,
    1.0773113928900824,
    1.0750660122765434,
    1.0698474650912815,
    1.080110904375712,
    1.0807220840454101,
    1.0701903915405273,
    1.090886820157369,
    1.0700296831130982,
    1.0836685657501222,
    1.068425931930542,
    1.074641384018792,
    1.0725047408209907
  ],
  "val_accuracies": [
    0.38222222222222224,
    0.3688888888888889,
    0.39555555555555555,
    0.4022222222222222,
    0.3711111111111111,
    0.4,
    0.4266666666666667,
    0.4111111111111111,
    0.4066666666666667,
    0.43555555555555553,
    0.4,
    0.41555555555555557,
    0.3844444444444444,
    0.4111111111111111,
    0.38666666666666666,
    0.42444444444444446,
    0.42444444444444446,
    0.4288888888888889
  ]
}